GROUP,PACKAGE,CLASS,INSTRUCTION_MISSED,INSTRUCTION_COVERED,BRANCH_MISSED,BRANCH_COVERED,LINE_MISSED,LINE_COVERED,COMPLEXITY_MISSED,COMPLEXITY_COVERED,METHOD_MISSED,METHOD_COVERED
PlanetsAndMoons,com.revature.models,User,34,31,6,2,11,13,5,8,1,8
PlanetsAndMoons,com.revature.models,UsernamePasswordAuthentication,24,50,11,7,10,16,10,6,1,6
PlanetsAndMoons,com.revature.models,Moon,36,24,8,0,11,10,6,7,2,7
PlanetsAndMoons,com.revature.models,Planet,36,24,8,0,11,10,6,7,2,7
PlanetsAndMoons,com.revature.utilities,PageProvider,22,0,0,0,5,0,2,0,2,0
PlanetsAndMoons,com.revature.utilities,ConnectionUtil,23,27,1,1,11,9,3,1,2,1
PlanetsAndMoons,com.revature.utilities,RequestMapper,86,147,2,0,6,29,19,4,18,4
PlanetsAndMoons,com.revature.repository,UserDao,10,110,2,6,3,30,2,5,0,3
PlanetsAndMoons,com.revature.repository,PlanetDao,23,331,7,19,8,95,7,12,0,6
PlanetsAndMoons,com.revature.repository,MoonDao,24,407,7,25,8,117,7,16,0,7
PlanetsAndMoons,com.revature,MainDriver,31,0,0,0,12,0,5,0,5,0
PlanetsAndMoons,com.revature.controller,MoonController,181,6,8,0,35,3,10,1,6,1
PlanetsAndMoons,com.revature.controller,PlanetController,154,6,8,0,30,3,9,1,5,1
PlanetsAndMoons,com.revature.controller,UserController,13,66,3,5,3,17,4,5,2,3
PlanetsAndMoons,com.revature.service,PlanetService,0,48,0,4,0,11,0,8,0,6
PlanetsAndMoons,com.revature.service,UserService,0,69,0,14,0,17,0,10,0,3
PlanetsAndMoons,com.revature.service,MoonService,0,55,0,4,0,12,0,9,0,7
PlanetsAndMoons,com.revature.exceptions,MoonFailException,4,0,0,0,2,0,1,0,1,0
PlanetsAndMoons,com.revature.exceptions,NotLoggedInException,24,0,0,0,10,0,5,0,5,0
PlanetsAndMoons,com.revature.exceptions,UserFailException,4,0,0,0,2,0,1,0,1,0
PlanetsAndMoons,com.revature.exceptions,PlanetFailException,4,0,0,0,2,0,1,0,1,0
